Square_Footage,Num_Bedrooms,Num_Bathrooms,Year_Built,Lot_Size,Garage_Size,Neighborhood_Quality
974,4,1,2006,4.51040032878621,2,1
2692,1,3,1959,1.0812850035939967,0,7
2943,3,3,2018,3.350352831089572,1,2
4607,4,1,1983,3.15476547260814,0,10
3917,1,1,1988,0.8675027413704332,2,7
3940,2,1,1958,3.2170864636809324,0,10
2755,2,2,1979,4.386386395834772,1,4
1454,4,1,2010,2.9946050654736607,1,3
3824,1,2,2018,2.0609868936397358,0,6
1743,4,3,2008,2.5807602961064333,0,5
3135,5,2,1988,0.7038258962588485,2,9
3209,2,3,1951,4.671123558489986,0,3
3551,2,2,1970,2.962568841892894,0,3
4742,1,1,1977,0.8358729398574296,2,10
3057,3,2,1966,1.4187495162570936,0,2
1370,2,2,1973,3.1482722082154497,1,4
3125,5,1,1970,2.899631296755961,1,9
2665,1,3,1973,0.8445571629509254,2,10
1714,2,3,2008,3.7837035792384,0,10
2294,5,1,1968,1.0969005992042893,0,1
616,2,3,1965,3.4613716313713567,1,7
895,1,3,2021,2.146486143005962,1,6
1515,2,1,1975,1.0206559318113595,1,3
3824,3,2,1971,3.0256505513371583,2,8
2876,3,2,2011,4.223104496717655,1,10
3058,2,1,2017,1.498552073529678,0,2
3505,3,1,1983,4.126905053904126,0,3
2991,1,3,1996,2.137143385134201,2,10
3814,4,1,1996,2.439890881804802,1,2
627,2,1,1967,2.637279343686867,0,2
2605,1,2,1991,2.6861784301068417,0,8
3873,4,2,1986,0.5289584517355808,1,9
1228,2,1,1953,3.318450582452878,2,2
4269,3,1,1962,4.439325313048254,2,5
4507,2,3,2014,4.122336786796645,0,7
1023,4,1,1997,3.4612474273754934,2,2
3404,3,3,1977,3.529608977095392,0,1
3624,2,1,2022,2.0617806582472773,1,3
3946,2,1,1962,0.927087985703058,1,8
3802,2,2,1975,3.995557175332522,2,4
1363,4,1,1977,4.408878379205415,1,1
4727,2,2,1955,2.7818709082712,2,4
2496,3,2,2014,1.8448571086656385,2,9
2185,4,2,1981,3.9416043760667474,2,5
3290,3,1,1954,3.759549828482928,1,10
1577,5,1,1998,1.623974731009339,2,2
1454,4,3,2002,3.832541254667795,1,6
2357,1,3,1997,0.5827376396821877,1,3
3995,2,3,1981,3.4997768819571755,2,6
1811,4,2,2015,1.8304926767222864,1,8
633,5,2,1977,1.280043738388764,2,5
3238,2,1,2007,1.5668811883280305,0,7
2104,3,3,1984,1.0495018216592955,0,7
2680,4,1,1985,3.87512785463986,2,3
3702,5,1,1984,2.892098285487469,0,10
3691,5,2,1963,3.342395817873012,0,4
2139,1,1,1999,0.6110787075106308,0,10
3203,3,3,1950,3.648604590764188,2,2
4201,3,1,1996,2.660213197895385,0,8
1270,1,3,1953,2.3934254079466664,2,10
3622,1,3,1966,2.497567245439602,0,7
2693,3,3,1996,4.952442946008342,1,9
3256,4,1,1968,3.007897588914388,1,7
4789,3,2,1968,1.9289956094127576,2,4
1378,4,2,2022,3.3439490617828507,0,3
884,1,3,1964,4.072682236369841,1,2
3224,5,1,1964,4.608016001314589,1,5
4340,5,3,1962,1.881070309375565,0,10
4235,3,3,2000,1.9116793042342937,1,8
4761,4,3,2000,2.4717952249985986,2,4
4236,4,3,1970,1.284095307404208,1,2
1560,1,1,1999,3.610453142239432,0,9
4007,2,3,1989,4.659144235714022,0,2
1896,5,1,2003,0.97633956145059,1,6
4277,5,1,2015,0.772722084717094,1,7
2565,4,1,1987,0.7485013433436281,0,2
4219,1,2,1993,4.931805847851923,1,8
2042,2,3,1987,4.075163680340777,0,6
2163,2,1,2019,3.446190839103346,0,7
3423,3,1,1960,4.5714485375605305,0,2
2885,1,3,1986,3.062680178775142,2,2
1970,4,2,1952,4.413227371136498,2,8
2476,1,3,1992,0.7956145242034665,1,6
1995,4,1,2000,4.209471013456712,2,3
3579,5,1,1979,2.856036107884351,0,7
2180,2,3,2019,1.5799521374148089,1,5
2565,1,1,2004,1.038028989884254,2,5
4996,1,3,2014,4.252063779134723,1,1
1013,1,1,1977,4.737095837302702,1,7
1806,1,2,2001,2.576853174148731,0,2
3414,4,1,2006,3.058092043285729,0,8
3559,2,1,2003,3.2173294214312507,2,8
3656,2,2,2022,4.521358640057602,1,9
3940,4,2,1966,3.2484682880826736,0,7
626,2,1,1959,1.178093691503752,2,1
1297,2,3,1970,1.1493914032472137,2,1
4056,3,3,1992,2.7975280793420216,1,4
3560,1,1,2005,1.5126884427689244,0,1
3493,1,1,2011,1.1401485789956691,2,9
4993,3,2,1966,2.237953967676638,1,3
4864,2,2,1997,1.0686041659152976,2,2
4671,4,3,2017,1.9312230764791345,1,7
3175,5,3,2004,4.040187533182891,1,4
2497,3,1,2000,1.6411285264836613,2,7
3338,4,1,1958,1.026552761860758,2,8
1618,3,1,1959,1.9036035749151736,1,4
3766,5,1,1980,2.208275440032516,0,5
2989,1,2,1963,2.019421858996556,2,5
2765,4,1,2002,3.0144467508097894,2,4
4656,1,2,1959,2.2920250728110525,0,2
3097,1,2,1989,4.289070476780348,2,7
2028,2,3,1967,1.784789510533302,2,2
1818,2,1,2008,3.4941434378850698,1,9
4143,3,3,1969,4.953903860342006,1,8
1424,4,3,1954,4.428989792439024,2,6
1981,4,3,1984,3.9537447376581754,2,10
3332,5,2,1962,1.751447817798604,2,2
2636,4,1,2022,3.956024458909444,1,8
3827,3,2,2006,2.372981264804072,0,1
3396,3,3,2007,3.668374720946026,0,10
2688,2,3,1997,2.2904787900066035,0,10
598,4,2,1983,0.6905402544757273,0,7
1945,5,3,1994,0.8141029457658302,0,6
1116,4,2,2000,0.7045362519610818,2,7
2871,5,1,1974,3.4269136197073893,2,6
3456,2,1,2014,4.052715342908236,1,9
1025,4,3,2019,1.4489880245635467,0,6
2625,5,1,2001,4.19192069116559,0,4
4533,2,1,1971,2.856202462186753,1,6
1145,1,3,2008,0.919382538032126,1,3
1995,2,1,1983,0.5658271649495408,1,1
4145,3,1,1993,3.2243529087841427,1,7
4658,5,1,1975,1.1204837121020468,2,3
1253,5,1,1974,3.268641439770863,0,3
2186,4,2,1978,0.5391776617814461,0,6
2207,1,3,1962,4.563921775444422,1,1
1446,1,2,2010,0.916251970725337,0,9
3306,4,3,1978,1.7503032344295448,1,8
1216,4,2,1973,3.094125969009893,1,1
4094,4,1,2021,3.795748009688997,1,10
2125,2,1,2012,4.524193032153863,1,2
1869,5,1,2020,4.722861847361648,1,1
2582,3,2,1982,3.9219094025711225,1,6
1010,5,1,1972,4.531478815366968,1,4
4219,1,3,1999,3.435059089095984,1,1
3060,3,1,1969,2.9081855015615763,2,6
2826,3,3,2020,0.7498626476411775,2,1
3431,3,2,1970,4.321305524757669,2,7
4642,4,1,1966,0.7023264871619801,1,10
2323,5,2,1976,3.928476253380998,2,2
3876,1,1,1974,3.625941977645789,0,5
4127,1,2,1990,4.216629682922137,1,4
4443,4,3,1976,4.741456728546074,1,1
2408,2,2,1975,1.13498417309608,0,8
3652,1,3,1994,2.81015694601212,1,9
2494,3,1,1990,4.112830440479957,1,3
1036,4,3,1967,1.9321791862357665,1,10
1332,4,1,2006,1.7701811168581978,0,7
3509,5,1,1977,1.2000714659118603,1,2
753,4,1,2015,4.146163640147891,1,6
4699,2,2,2010,2.9960946940103885,2,2
3794,1,1,1987,2.0768596250458886,0,1
2761,2,2,1985,2.451967547081079,1,6
2193,5,1,1968,3.6618809263620298,0,10
3690,3,1,1996,4.888309891889787,0,9
1650,5,2,2022,4.098730611284238,2,9
3556,4,3,1968,4.961541055292564,1,10
3640,2,2,2006,1.8219915777847584,0,2
3652,2,1,1968,0.9244734183096964,2,7
2535,1,2,2017,0.774532143524277,2,5
1451,5,3,1972,1.940122924530764,1,8
1475,2,3,2014,3.790924338664833,1,5
1209,5,3,2011,3.865273584854323,2,2
4968,4,3,1994,0.8404749675684988,1,6
3874,3,2,1990,1.5079214563928651,2,2
2517,5,1,1987,4.730824360634371,2,6
4617,5,1,2005,4.3578900606237845,0,4
2862,1,2,1968,4.767131920055357,0,2
3297,1,3,2004,2.544814195159788,1,9
3683,4,3,1989,2.362223593943581,0,5
3324,1,1,2014,0.688934430093147,2,8
697,2,3,2015,2.327053107677498,1,7
2985,3,2,2006,4.620525045177424,2,5
3734,3,2,2005,0.6123479995402572,0,1
2704,3,2,1950,1.1829893443299593,0,2
3599,1,1,1981,2.061331968805513,1,8
1166,5,2,2008,0.9111834718718416,1,10
3461,5,3,2009,2.5380998162042485,2,8
4725,4,2,1953,3.6562247850186056,2,2
2420,5,3,1973,2.8837128474876543,2,10
1414,5,1,1996,3.6519430962042674,2,9
3231,1,1,2017,3.9843620732506784,1,10
2643,3,3,1966,0.7164153968541594,0,9
4213,3,2,1955,2.059514419174464,1,9
2431,3,3,1987,1.054546590723462,1,5
1960,4,1,1972,0.6616858198368785,1,3
3945,2,2,1971,4.859035725084607,0,8
2334,5,1,1966,2.3511855713566523,2,7
4597,3,2,2016,3.680770351012435,0,9
4263,2,3,1953,4.361541774129966,1,4
3897,3,2,1996,3.677713259535744,0,10
845,1,1,2001,3.5278121006984517,0,6
1266,2,2,1959,1.931470011065624,0,10
4017,5,3,2016,4.760402158281664,0,1
3800,5,2,1995,4.889628627413098,1,1
4564,2,2,1990,4.084288338756688,1,4
3921,2,3,2005,3.790208050047128,1,3
3537,4,1,2018,1.9944940248865608,1,1
3401,5,1,2013,1.0149418337556135,2,2
2827,3,1,1977,3.213677997739775,2,4
1656,1,3,1976,4.608189521486104,2,10
1173,3,1,1973,3.556396180405262,1,6
1480,1,1,1980,1.877231585852546,1,7
3068,3,1,1986,2.0759134599082865,0,8
1228,4,2,1959,3.0040529262145537,2,6
1581,1,2,1994,2.812328305594691,0,4
594,2,2,2022,1.0104836769676253,1,9
4521,5,3,2008,4.5621747970041024,2,2
3767,5,3,1981,1.5203353298312503,2,4
2658,1,3,1955,3.759046464253772,1,3
4932,2,1,1972,4.479598177050891,1,2
2070,4,2,1978,3.4537363672314525,1,8
3212,4,1,1975,1.7552213423306453,1,9
4686,1,1,1968,1.7286827869751304,0,4
1978,4,2,1999,3.8438669283412095,1,7
4481,2,2,2003,3.9810744577882415,2,7
2979,4,2,1993,2.1702628220878912,0,8
1346,4,2,2018,1.6672478033443832,1,8
4010,1,3,1980,3.534164789029246,1,8
2556,4,1,1983,4.771403119314011,2,8
2310,5,1,2011,0.7704338467017657,1,3
2656,5,2,2008,2.490135244338016,1,7
617,1,1,1982,2.3472310732724955,0,5
4175,3,1,1972,2.633739333223939,1,9
3371,4,2,2000,1.5803183321940493,0,1
3274,5,3,2004,4.012502120992462,2,7
725,2,1,1980,1.608287084647392,2,6
2622,1,3,1971,3.4020630738156017,0,4
3787,1,1,1952,2.482580876055383,1,6
4298,5,2,1984,2.2065194173120206,2,3
4800,1,1,1974,4.582620249603826,2,1
732,3,3,1953,3.044389854234841,1,4
1069,5,1,1957,0.8366954233773787,1,5
1641,3,2,1996,0.9046231018686604,1,3
1492,4,1,2014,2.4333028875357985,1,2
2548,5,3,1950,1.322025729078507,2,7
4723,5,2,1950,1.9309214810315072,0,7
1004,4,1,1988,2.480261209292294,2,5
4992,4,2,1960,4.25779675454759,1,10
2081,1,1,1966,3.866723718744585,0,5
2363,1,3,2008,3.2844743466845223,0,6
509,5,3,1957,1.4386476548347282,1,1
4462,4,2,2016,3.2075697380823325,1,4
3476,5,2,1950,1.1229597199822745,2,9
2387,1,2,1991,1.9246404195889304,2,1
4678,5,3,1986,3.045596774634526,0,1
4841,2,1,1993,2.0916350896133027,0,1
988,4,2,1986,3.542564289147306,2,6
4638,4,3,2000,1.4903990459212395,1,3
3116,4,3,2001,1.830445437256184,1,3
4922,4,1,2018,4.23375289844731,2,2
3160,1,3,1976,1.2183120564447525,0,6
3279,5,3,1975,4.025750363803655,0,8
4390,1,1,1960,4.19269440954464,2,5
2498,3,1,2013,1.6880195748175963,1,3
3530,4,1,2003,1.074985937554957,1,6
724,2,2,1982,3.319056588546172,0,5
3569,3,3,1965,2.6405951810493145,2,8
1223,2,3,2017,0.7275163458179252,2,9
701,5,1,2009,4.160455170459189,1,9
3398,1,3,1983,1.2607780029787232,2,8
2253,3,2,2012,3.95657680271397,1,4
1198,1,3,2002,4.673098312638337,2,1
2430,2,1,1990,0.5616434768401155,2,10
1213,1,2,2004,1.29736625455036,2,4
3038,5,1,1967,2.854458747368937,0,3
1853,2,3,2020,3.022609140504719,2,8
4658,1,3,1987,4.544545503818065,2,6
3239,1,1,1955,2.0103047284006026,1,2
4144,3,2,1950,1.4684201587993675,2,3
3951,4,2,1971,2.714245202220803,2,4
1399,2,2,2003,1.6805433505142555,0,3
4072,1,1,2004,4.524819748918283,0,5
4031,4,2,2007,4.279191584915697,0,4
3646,1,1,1994,3.980987338391993,0,9
3986,3,1,2008,0.5226194867441141,2,5
1691,4,3,2011,1.751581199689756,2,2
4244,2,3,1973,3.622125006353353,0,1
4514,4,3,1993,1.2470982063928735,1,3
1012,2,2,1983,4.564841064690698,0,9
3245,5,2,1950,1.5182386286746992,2,10
505,5,3,1954,3.881538250067046,0,3
4384,3,2,2017,2.9661456049890806,2,7
2628,4,2,1987,2.4985186092334954,0,4
1639,2,2,2008,2.281827149364222,1,9
974,2,2,1986,2.336535755716654,2,1
3193,2,1,1969,2.879259885942961,1,2
1232,4,3,1964,2.028966090344797,2,9
2927,5,2,1977,2.994518634531552,0,4
3311,5,2,1975,0.52405772384464,0,3
4702,2,1,1964,2.963621704380434,2,9
4685,1,1,1956,4.70827439026922,2,6
1752,2,1,1979,2.77078561073463,1,7
2949,2,1,1997,2.4546267416354794,0,7
3761,5,3,1973,4.929055246554952,2,8
4798,5,1,1997,3.3450716789053745,2,1
1376,5,1,1992,1.8707106009838568,1,6
2827,2,2,2013,4.512698893412357,2,3
4354,2,2,2017,1.768635693071281,2,5
2164,2,2,2005,2.3726541543827304,1,10
4243,2,1,2002,4.498088494653143,2,7
891,2,2,2002,1.4325903489599523,1,9
3195,1,1,1962,3.913258464123758,2,1
3801,2,3,1955,2.4604015570542943,1,1
904,3,3,1957,1.2123675504752645,0,5
3391,1,3,1977,1.4555028842910107,1,3
2656,3,1,1982,3.1983240580696464,1,7
3039,4,3,1995,2.9435964389004385,0,3
702,5,3,1971,0.5257336161235517,1,5
2055,1,3,2011,1.8635787814191351,0,3
1418,2,3,1996,3.287045543616101,0,8
4500,4,1,1996,1.8227709545760389,0,1
1645,1,1,2002,2.1269362943931736,2,9
1884,4,1,1957,2.1054592023047265,2,7
1304,2,3,1960,2.4492340009182487,1,9
2832,4,1,2001,3.1653561697794306,1,6
3349,4,3,1958,4.504476769130689,0,5
3949,1,1,2008,4.0314635682124464,0,5
1260,4,2,1965,1.9296261389622296,2,9
2549,5,3,2015,4.374703847764904,2,3
1648,3,1,1960,2.2806858360820668,2,2
2302,5,2,1957,2.2060744626904114,2,3
1808,1,3,1968,3.967012494832954,1,5
1213,1,3,2017,1.8702163973702788,1,2
4615,4,2,2000,1.7211468359255475,1,4
1528,4,1,1960,2.367370469300352,0,9
1489,4,2,2009,0.7961529231075941,0,10
3885,2,3,1983,3.251014709974911,1,9
3324,5,1,2018,2.018896096477185,2,7
3097,5,1,1959,4.503094782487215,2,5
3229,1,1,1960,3.365427726699472,0,7
4483,3,1,1971,1.723039322360581,1,1
1748,4,1,2002,0.947959307639488,2,7
3936,3,1,2002,0.7993742369488486,0,8
2406,2,1,2016,1.3600943980200355,1,9
3419,3,2,1962,4.407848545736219,2,5
2660,5,3,1987,4.157211289518779,1,5
4995,3,2,2007,3.6800399015496494,0,2
1752,3,2,2009,2.8053515609918627,1,6
992,3,2,1966,3.114567920187993,2,5
534,3,1,2016,2.527153571617679,0,10
3201,1,1,1978,3.277484626450553,0,5
3447,5,3,2021,4.264243207781151,2,3
2000,2,2,2004,2.1410180430545145,1,8
4347,3,1,1966,4.231914053565918,1,3
862,2,1,2012,2.716695523498164,2,7
4136,2,3,2017,2.112505955022532,0,3
4933,3,1,2015,4.7693497781737,2,7
4768,2,1,1978,4.028927784643701,1,9
2224,4,3,2017,0.8646737470927555,0,5
4312,5,3,1969,1.690321117949772,2,2
3647,4,1,1993,4.695452412029949,2,5
1394,4,1,1983,4.352596245561846,0,5
4830,1,2,2010,2.550286203967632,2,4
3411,1,3,2014,0.8119774867449414,2,2
661,4,1,1964,2.1851617998560764,0,3
3412,3,2,1966,4.743778538331372,2,10
1863,4,2,1995,2.5840162122688017,2,4
4343,3,3,1955,3.23784021146008,1,1
2641,2,3,1998,4.564358504754931,0,7
2475,5,2,2011,4.235679423490632,0,3
4046,1,3,1978,3.2012665723761664,1,7
1669,5,1,1978,4.087449826604432,2,9
3854,2,1,1974,3.2734152150480336,1,8
4952,4,3,1995,4.725027320185737,2,9
3677,5,2,1987,4.332174436868986,0,6
2933,5,3,1973,4.781489129265565,2,9
637,1,2,1990,2.8924746069401737,2,8
3024,4,1,2001,4.480624818145345,1,9
1684,5,3,1988,3.994201861929581,1,8
2482,1,3,1959,1.8663077216472808,2,6
2972,2,1,2018,0.7357608301768754,1,2
2868,1,2,1986,0.9436231716008556,1,10
3974,4,3,2018,4.219934258572882,0,6
4323,4,1,2006,2.8322427940144084,0,7
3592,1,2,2016,3.634822720478255,0,9
2616,3,2,1992,1.068738900825502,0,4
3230,3,1,2011,2.960133477333529,2,7
2356,4,2,1999,2.537661713949125,1,10
4256,3,2,1964,1.0490333610960008,1,2
3781,2,1,1989,3.1640757925507828,0,9
1330,3,3,1962,2.6189031030042957,1,7
970,4,2,1981,2.3488569132822343,1,1
1512,3,2,2003,3.643387813441117,0,5
802,4,2,1990,3.6351280014653686,1,4
780,2,1,2008,2.590759259640369,2,1
2541,5,1,2005,1.4358036168022548,0,8
3126,2,1,2014,3.211114238165548,0,1
4002,3,1,2010,1.073162630515465,1,10
1275,2,2,1979,2.9551333220111653,0,10
3712,5,2,1961,0.8944242628759398,0,10
3636,3,2,2020,1.482169427121783,2,3
3428,1,1,2011,1.2350149164007576,1,8
3952,1,2,1988,4.984545453300421,1,9
3438,3,1,1980,3.3669261537099917,2,8
1395,4,2,1973,3.3056502373368337,0,2
2703,1,1,1987,4.155161544456538,1,8
4137,1,3,1976,4.428587273133722,2,3
1123,5,2,1950,2.6117835229660566,2,2
3766,3,2,1981,1.7856481732014404,2,1
3378,5,1,1988,1.7347307234116436,1,8
3372,5,1,1986,2.4906493989608847,0,4
1171,3,1,1958,0.6937358122205086,1,6
2849,1,1,1996,3.7591453737461,1,5
4991,2,1,1996,0.6867462523238574,2,1
3361,4,1,2022,1.6413599998131725,2,3
2085,5,1,1975,1.5419679618427198,2,10
1754,2,2,1998,0.9197215105017644,2,4
1887,2,1,2014,1.8825753283147424,0,2
1960,4,1,1977,4.255659286678725,1,6
742,1,2,2002,2.138507487547248,0,10
4646,1,2,2016,1.1281949031191003,0,9
2179,1,2,1977,1.757371478792324,0,1
4413,3,2,2002,4.750995794769929,1,9
1909,3,2,1958,4.658484721600757,2,4
4634,2,3,1955,1.0165861726307606,0,3
1293,1,1,1968,3.173638382404059,1,5
3728,2,1,1984,1.629860466493255,0,6
3856,2,3,2014,1.2438602876208258,2,5
3273,3,3,1950,4.336632297222542,0,10
555,2,1,1962,1.5525361916249156,0,2
2016,1,1,2021,2.6074858367021605,0,3
3316,3,1,1984,0.6135680563171889,2,4
3388,2,2,1987,2.679549918311789,0,1
3519,5,3,1966,4.009947471097449,0,10
4529,2,1,2019,4.924875455683103,2,6
4860,5,2,1977,3.872417026913639,0,6
4079,5,3,2007,1.476303106387458,1,10
4423,1,1,1965,3.865074573917176,0,5
3932,3,2,1970,4.94975989125124,2,5
3998,4,2,1976,4.768263244481877,0,8
4889,4,2,1991,4.825217370695743,2,8
1824,2,1,2017,2.0364137132193423,0,5
4014,1,1,2013,1.5574742489061122,0,10
1775,1,2,1955,4.241154677998865,2,1
1842,3,1,1977,1.2708273101975167,1,4
2131,3,1,1959,4.9483474159795104,1,6
3419,1,1,1972,2.805281407595683,1,1
4824,1,1,1961,0.7784856575621386,0,1
1217,3,3,1996,1.7726050880172488,1,9
999,2,3,1977,1.241981494543123,0,6
4514,4,3,2008,4.917683041345137,0,4
2431,1,3,2009,1.544250828655202,0,10
3002,5,2,2014,2.4400058229365227,0,4
1569,5,2,1969,1.0634925178257415,1,4
4631,3,1,2005,4.940280956753819,1,9
1198,3,2,2012,3.866021313671316,2,5
3742,2,1,1960,2.4973663478958548,2,5
2187,5,3,1974,2.1943862950518422,0,10
1888,5,1,1982,4.725483899386899,2,4
4425,4,3,1989,3.599431433651144,0,9
516,5,3,1959,3.57554199833379,1,1
3266,5,2,1983,3.7078069813742975,2,7
2343,1,3,1974,3.79851628832759,1,5
3286,5,3,1958,1.4697534149039797,2,9
2365,2,2,1987,2.588300102320271,0,10
2292,1,2,2000,3.1153794067443044,2,1
1702,2,3,1994,2.8023736213355632,0,8
2146,5,2,1998,2.2201351338985624,0,4
2187,5,2,1981,1.3511259501034307,2,2
1106,1,3,1979,1.0757161603030243,0,9
4195,2,1,1960,4.584809449298807,0,2
3505,2,3,1968,4.433768069706617,1,8
4643,1,3,2019,4.557123523791804,2,3
4350,2,1,1968,0.6350959946708234,1,5
4100,2,1,1956,1.9522695772698728,1,1
2027,5,3,2002,4.467270379450989,0,10
2982,1,1,2005,2.5871641237745595,2,9
2459,1,1,1964,3.1047807561601664,0,4
4955,1,1,1970,1.908725652784161,2,6
2103,1,3,1983,3.993307148821765,0,10
3889,4,1,1970,1.932368426115563,2,1
3620,4,1,1978,2.228191872759952,0,5
4082,3,3,1973,0.8610001090507133,2,6
4863,2,3,1983,4.7169902521385465,0,9
2548,3,3,2003,1.7588568549608197,2,6
1776,4,3,2006,4.228196602528584,2,4
2468,2,2,2014,0.9842638314193648,1,7
2119,2,1,2007,2.3347209679935137,0,4
835,5,3,2003,3.8825427741031366,2,2
2399,4,1,1978,1.4154641381124105,1,10
2168,2,1,1995,1.202161151029896,2,7
3370,5,3,2021,1.6154301142779064,1,2
2990,1,2,1986,3.9718042789931935,2,6
735,5,2,1973,3.416472655403555,0,9
1240,1,2,1951,3.5916761776211623,0,8
2401,2,1,1988,1.8838840797070533,1,6
2259,1,2,2017,2.321262787233464,0,6
4187,5,3,1997,2.619275264476315,2,6
1791,2,1,1984,2.430432193284007,0,5
3217,5,3,2012,4.368003786130716,2,7
3475,1,1,1983,2.983447113895336,2,7
2328,2,1,1968,4.417852466675708,1,9
2458,2,1,1962,3.9085900045282296,1,10
3572,4,3,1958,0.6911145916543993,1,3
2031,3,2,1993,4.730993625070783,2,10
3804,3,1,1996,3.33517945315992,2,6
2796,3,1,2000,2.752147921400232,1,2
3835,3,2,1958,4.011565382330714,2,9
4318,4,1,1976,1.203276692973993,2,8
3332,5,1,1990,3.1317738425999693,1,6
4777,3,3,1979,3.1936779833210185,2,7
2570,5,3,1962,4.522933422711324,2,10
3842,2,3,1991,4.681797810179267,1,8
2891,2,3,1982,3.9784402458751407,0,2
3056,2,3,2018,4.315675476935068,2,3
1767,5,3,2009,1.073238872001527,1,1
4136,5,3,1995,3.187815891590612,2,8
2070,3,3,2012,2.9374088819754194,2,7
566,1,3,2010,1.087255688527329,0,1
4491,4,2,1994,3.399155256428652,0,4
2562,1,3,1971,2.417319399317437,2,6
1103,5,1,1985,3.770774739717069,1,1
1376,5,2,1986,3.488907708823036,1,8
2173,5,3,1978,4.598612019364159,2,1
1453,4,3,1970,3.551512239293939,0,4
3677,1,1,2017,4.8301765097412055,1,9
3990,1,1,2020,2.051679234857764,0,8
4351,5,2,1971,3.630310935593261,2,1
4097,5,1,1951,2.753199166265021,2,4
2469,5,1,1987,4.438031200511212,2,9
3783,4,3,1963,4.626239216904121,2,10
2547,4,2,1986,3.715885737089259,2,8
3610,1,2,1979,3.434418778467428,1,6
3604,1,1,1995,1.2140549316035822,2,6
2538,4,3,1998,4.892147143700917,0,10
1074,4,2,1982,2.487859212369682,1,9
3825,3,3,1991,3.30229527031775,1,10
4915,5,2,1956,1.9939923240699435,1,3
2490,5,1,1950,4.16874348990752,1,10
2650,2,1,2006,3.62000819180618,0,7
4606,4,2,1990,0.6252975840983603,2,8
3090,1,2,1954,3.0479675708867746,2,7
2352,3,2,1991,3.569689227027357,2,1
2193,4,1,1996,4.731886432853361,0,6
1135,5,2,1990,3.943221479675449,1,5
3459,5,3,1959,3.09476303208373,2,7
2526,5,2,1978,2.679760335203821,2,6
2762,2,2,1976,4.5109319286213445,1,6
4452,1,1,1975,3.431820574980016,0,3
3369,2,3,1962,3.5842790455070257,1,9
2954,5,1,1970,1.6620395884977202,1,4
4844,3,1,1952,1.9384342488142812,2,5
1456,1,1,1983,2.541105499652754,0,6
664,2,2,1982,2.296250575299588,2,8
3008,4,2,2008,4.3855957865365855,2,4
3247,1,2,2005,4.467035547233406,1,10
3617,4,2,1974,4.744286703325782,2,6
4712,3,2,1985,2.573014234250701,0,2
1175,4,2,1978,4.677725775363384,0,7
3919,4,2,2012,1.7409083199857658,2,3
755,4,1,2017,2.4059656219635333,2,2
2560,4,2,2015,3.802574196508413,0,2
1582,5,2,1956,4.48528893908798,1,5
2029,1,3,1966,4.2069532810960535,1,8
2341,3,2,2000,1.2655193778917666,2,10
3965,1,2,1977,4.983792321555749,0,2
4743,4,2,2016,2.254548858309863,1,4
2486,4,1,1979,2.366668037250262,0,7
3876,2,2,1994,1.4805891871340606,0,9
3620,5,3,2011,4.892841387446377,1,8
3920,3,3,2002,3.2854620411436466,2,10
4567,2,2,1988,2.546925992612907,0,6
4646,2,2,1972,0.5141340772165495,2,8
2234,2,2,1985,3.37245007906322,2,10
2794,2,2,2019,4.866059049866946,2,4
1353,5,3,1996,1.9026042283176865,1,1
2575,2,2,1981,2.439427558643699,0,5
2133,5,3,1970,3.853307729163265,2,7
4969,2,3,2009,2.856139183496538,1,5
1984,5,1,1957,4.376811682521021,0,2
1565,3,3,1959,4.933285497908036,1,3
1566,3,3,1991,3.244737013682233,0,8
4561,2,1,1954,2.171686746467454,2,2
1010,2,2,1990,3.6955968825404177,0,4
1323,4,1,1986,4.384109919810825,1,6
1800,2,2,2004,3.375644715117144,2,10
1576,3,2,1978,0.9291722102287638,1,8
3174,1,1,1976,4.986091483652099,0,5
3573,3,3,1995,0.6927689980360097,1,2
3113,5,2,1999,3.7815563431113937,1,2
1159,1,2,1957,2.802360730527847,2,3
820,4,1,2018,1.0650451038676312,2,2
3011,4,3,1984,1.890301955306687,1,1
4297,3,2,1957,3.2651859988023406,2,2
4262,2,1,1978,3.401875502667409,0,9
3657,3,1,1961,2.9720419020624096,0,10
1268,5,3,1954,3.0768928390201307,2,8
4177,4,3,1952,2.017899293680524,1,5
2040,1,2,1952,0.90045371685356,2,1
2219,4,1,1965,0.7259649426070487,0,4
577,5,3,1971,2.0831225288465864,1,10
4272,3,3,2016,4.75301384940204,1,6
4880,2,2,1952,4.206228893591852,0,10
619,5,1,2020,2.852420637028414,2,5
1372,4,2,2015,2.5003771387257183,1,10
3311,5,2,1971,3.126222666536449,0,9
2136,4,3,2021,3.813029971378476,2,3
3308,3,1,1978,4.3384189789876615,0,9
3349,4,3,1986,2.0186614655370416,1,5
1779,5,3,2016,3.326537890596073,1,10
1495,3,2,1986,2.074752227883379,2,1
700,1,2,2000,2.258398185483367,1,7
4527,4,2,1951,1.000117162994056,0,7
4623,2,2,1955,4.357362456768149,1,7
912,4,1,2008,1.055303668425184,0,5
3450,1,2,2019,0.8441597997469088,0,8
1002,4,2,2000,3.7074995429757394,2,4
1351,3,2,1992,0.7408150831086948,0,10
4706,2,2,1998,3.606825748599824,1,7
735,5,1,2002,3.443720694287443,1,4
2886,5,1,1957,2.9345130451744814,2,5
504,3,1,1961,4.962977964406623,0,10
864,5,3,2012,1.0958207607340458,0,7
977,5,1,1956,1.7952408448322263,2,1
3353,4,2,1976,1.9571880870609413,0,2
1466,4,3,1954,3.4982053766556733,2,1
1516,2,3,2017,4.290464771374703,2,7
1315,3,2,1981,2.757090649630768,0,7
2714,3,1,1967,3.413824091795134,1,4
2778,1,1,1991,3.4811777612372365,1,10
3944,2,3,1981,1.4024884003036993,2,10
4812,2,1,1965,1.7282749762916954,1,7
1284,5,2,1976,4.219782554761199,1,7
1831,4,3,2010,0.7105363023729583,1,9
917,1,2,1992,3.534798433162917,2,4
2000,3,1,2008,3.679854185604184,0,10
2316,3,3,1999,4.740725543010246,1,1
4077,1,1,2003,1.816323914643134,1,7
1581,3,3,1992,1.6225619193195453,0,2
4487,3,2,1976,4.79090794033179,1,7
4030,4,1,2004,0.97516195689488,0,1
837,4,1,1967,2.1795852037065524,1,10
1304,5,2,1968,4.849463824484371,2,6
723,2,3,2020,3.084965401424926,0,8
4022,4,2,1953,4.736898096279985,0,7
2719,4,3,1966,2.9633667817087663,2,9
3401,5,3,1996,3.5424726161645834,1,5
1450,3,3,1995,0.5243221565270144,1,6
4469,5,2,1955,3.976323287357318,2,6
1199,1,1,1953,2.45927140779081,0,2
3554,2,2,1994,0.8001224663245199,1,9
4620,5,1,2017,0.914444393898154,1,5
3962,4,2,2016,2.979729289827196,0,6
1655,2,3,1997,2.5195046179757665,2,5
1419,2,3,1955,3.047322409016743,2,6
4012,3,1,2016,2.0980924148921565,1,5
741,2,3,1997,1.763968843338097,1,4
3160,3,2,1974,1.358266944159026,0,6
630,3,3,1997,1.0142859649909075,1,8
4650,3,3,1955,3.531657800939704,2,10
3233,2,2,1955,2.884465674898368,1,4
3976,5,1,1955,3.90350421312299,0,3
1909,2,3,1968,1.4886805567613015,2,5
3567,3,3,1972,3.1854938898276037,2,9
2786,1,2,2015,1.622763858572338,2,9
1515,2,1,1974,1.63690713779579,0,6
3121,4,2,2016,3.927541442961482,1,10
3891,5,3,1990,0.8691065834516188,1,3
1062,2,2,1968,1.538575942669393,2,8
1024,5,2,1998,3.995614994629496,2,1
1108,5,1,1984,1.9048836569792165,2,7
3778,2,2,2006,1.5761414544553545,2,5
1516,1,3,1985,2.493767130486895,2,6
3419,2,3,1999,4.130409037051067,1,10
4782,3,3,2006,4.62471485739085,1,10
1484,5,1,2010,1.246554609668538,1,6
2561,5,1,1983,0.5697874878196648,1,2
1354,2,3,2008,4.852686143868645,1,3
4996,5,1,2003,1.8681362260159984,0,8
4991,1,2,1982,4.249419604685034,2,6
955,3,1,2015,3.727042558124871,1,2
2455,3,2,1953,4.951479892809876,0,10
1863,5,1,1953,1.317754819526704,1,5
3719,4,2,2016,2.25767123411802,1,10
3586,2,2,1964,2.568428688468076,0,10
2406,5,2,1988,0.930780746349788,1,1
1100,5,3,2018,2.343826563993226,0,1
2935,4,2,2013,0.5601545746672804,1,9
1654,5,2,2021,0.9952847789050184,2,10
4632,4,1,1977,4.650653681015463,2,10
614,2,3,1956,3.9330200099946384,0,9
2353,3,3,1956,4.026975750577622,1,5
1858,1,2,1989,1.541660431608447,0,8
643,5,1,2009,1.9949250692629472,1,7
2470,2,3,1974,4.014137103737407,0,4
967,3,2,2006,1.0938439383078278,0,5
689,5,1,1996,3.8868723233232623,2,2
2257,5,1,1968,3.1310064057462115,0,2
1222,4,2,1974,2.644075720577298,0,8
3435,4,2,1965,4.100928564576106,0,8
1080,4,3,1977,2.3124912495480494,2,3
2690,4,1,2017,0.6058962248634445,0,2
4880,3,1,2008,4.66035110929355,1,5
3948,1,1,2017,1.759516935108921,0,5
3235,3,2,1979,0.8535102391567722,0,2
4685,5,2,2017,0.9147558131259454,2,1
749,1,3,1985,0.5754033702157209,1,7
2417,4,1,2003,3.9158911965003727,2,8
1869,1,1,1980,3.018104845094039,2,10
2338,2,3,2018,4.071067945424607,1,6
3339,2,3,1961,3.1501988372550387,0,5
1100,1,1,1976,3.370558435488327,1,2
4646,4,1,2012,4.974868704014931,1,7
3608,1,2,1972,4.729693063864201,0,9
4143,1,2,1984,2.723664517870472,1,8
1750,5,2,1976,2.255541056097526,0,1
4590,1,3,1958,2.768016936183467,0,2
2257,3,1,2002,1.6375929980709785,2,10
4965,5,2,1977,3.0314984057287133,2,2
3869,4,1,2009,3.283371764231835,1,1
1667,1,2,1954,1.3653945321513237,1,8
2071,4,1,1999,3.980214715020124,1,4
1059,4,3,1957,4.180353375447632,0,2
1327,1,2,2016,2.1323912017961844,0,3
564,5,3,2018,2.844829357287745,2,4
1037,2,2,1964,4.889179747158894,2,10
4172,5,3,1956,2.7956677120534548,1,10
4785,1,3,1992,0.9817573034938372,2,7
2982,1,3,1956,3.5660885595860696,0,4
697,1,3,1977,4.061585934002835,1,9
3845,3,1,2014,4.989302700131234,2,7
2178,1,2,2013,1.101427616347331,1,10
1812,3,3,1993,1.7497358930787972,1,2
2555,4,3,1988,3.0173244157731065,2,5
2843,5,1,2019,2.508988648084469,1,2
2222,1,1,1994,4.813240260504831,0,8
1443,3,1,1991,1.1926377940230726,1,10
3604,1,2,1966,3.3915992464563534,0,3
2481,3,2,1961,1.7530589586810783,2,3
1647,2,2,1979,0.5771740186183916,0,9
3282,5,2,2001,2.383620284891701,0,4
1163,2,1,1976,2.5879555915899126,0,5
875,5,1,1992,2.955119548064299,1,10
4266,2,1,2008,1.3992857207687277,1,10
2215,5,2,1966,3.7183390465110855,0,9
2651,5,3,1970,2.715045418320837,1,6
1269,2,2,2006,3.5550397628502823,1,9
3810,2,1,1981,4.245877325346138,2,5
3781,2,1,2007,1.844522919744132,1,5
4776,5,2,1971,3.9916018976328766,0,10
4275,4,3,1959,3.2762481232302587,0,4
3037,1,3,2014,3.3376142371239155,2,8
2705,1,3,2003,4.100330444345905,2,8
2606,4,2,1962,4.055066787019469,0,2
3467,5,3,1953,3.891803316926021,1,4
2074,2,3,2010,1.4191104151047536,2,8
2700,5,3,1965,3.1087677069375115,2,4
3793,1,1,1988,4.976078743384193,0,2
3587,2,3,1966,2.848788515653537,0,3
3728,2,3,2003,3.4751330529291344,1,7
1666,3,3,2009,2.653232523151829,2,10
4400,3,1,2017,4.521175639025592,2,1
2148,3,1,1983,4.884114443651402,2,10
4951,3,1,1982,1.073685560631108,2,3
2182,2,1,1967,0.5712042739856937,1,2
3961,5,2,2000,0.815015804598796,2,3
4797,1,2,1979,2.162668703141211,2,1
4688,5,3,1983,1.91671623208242,2,7
3306,3,1,2017,1.8611556312556696,2,2
3986,2,2,1959,0.5682959702907211,1,4
3065,3,1,1963,1.4730215410750087,2,10
2068,3,1,1965,1.397773917183238,1,5
4219,2,3,2014,3.132852989927914,1,7
3262,2,3,2015,0.8941608383267587,1,3
2031,2,3,2013,4.010851708173478,1,1
1325,3,1,1957,3.5151464201340503,1,5
2944,1,3,1996,4.03615690460768,1,3
2354,3,3,2005,3.5808178741923484,1,3
1814,2,2,2002,1.0277606651020026,2,5
4175,1,3,1962,3.452247598890668,1,10
1718,5,3,1988,3.1302490798885563,0,6
3213,4,2,1950,2.989003869762672,2,10
1705,2,1,1977,1.9662055734671813,1,9
2327,4,3,2005,4.609547061896554,0,1
1832,4,3,2007,1.0682201169847934,1,5
3046,5,2,1956,3.6611975371481096,0,5
3705,5,1,1988,2.672210628846205,2,10
4993,1,2,1957,4.595958656904905,1,6
4926,2,1,1993,4.699072554837388,0,8
2196,3,2,2009,0.7447583683504003,2,8
2538,5,3,1968,0.784131318173261,0,2
3618,3,2,2006,2.329505527136469,0,1
1782,2,1,1982,3.981481542030496,0,6
4196,4,1,1994,2.4638881942831685,2,10
1275,5,3,2006,2.191122571307388,1,4
3843,5,1,1985,3.813079145602249,2,8
762,2,3,2022,3.3488269407478084,0,10
885,3,2,1960,1.797132097253158,0,6
3004,1,2,1993,4.082033310922775,0,9
